Company,Title,Cert Link,PDF Description
Intuit ,Academy Bookkeeping,https://www.coursera.org/account/accomplishments/professional-cert/U4JLV7CZXFLX,"4 Courses
Bookkeeping Basics
Assets in Accounting
Liabilities and Equity in
Accounting
Financial Statement
Analysis
Jul 11, 2025
Al Rey Villagracia
has successfully completed the online, non-credit Professional
Certi?cate
Intuit Academy
Bookkeeping
Whether you are starting out or looking for a career change, the Intuit
Bookkeeping program prepares you for a variety of jobs in public
accounting, private industry, government, and non-pro?t
organizations. You’ve gained a foundational understanding of
accounting principles and an introduction to QuickBooks Online
through hands-on practice working with real-world accounting
scenarios. Upon completion, you’ll be ready to take the Intuit Academy
Bookkeeping exam and can stand out for roles like Associate
Bookkeeper at Intuit or anywhere in the ?eld when you earn your
Intuit Academy Bookkeeping Badge.
The online specialization named in this certi?cate may draw on material from courses taught on-campus, but the included
courses are not equivalent to on-campus courses. Participation in this online specialization does not constitute enrollment
at this university. This certi?cate does not confer a University grade, course credit or degree, and it does not verify the
identity of the learner.
Verify this certi?cate at: 
https://coursera.org/verify/profession
al-cert/U4JLV7CZXFLX"
"Automatic Data Processing, Inc. (ADP)",ADP Entry-Level Payroll Specialist,https://www.coursera.org/account/accomplishments/professional-cert/DSQJZ2Z8NA1G,"5 Courses
The Payroll Professional
The Payroll Cycle
Getting Started with U.S.
Payroll Fundamentals
Advancing Pro?ciency in U.S.
Payroll Fundamentals
Exploring the Field of U.S.
Payroll
Jul 10, 2025
Al Rey Villagracia
has successfully completed the online, non-credit Professional
Certi?cate
ADP Entry-Level Payroll
Specialist
This certi?cate declares that you have been provided with the essential
knowledge necessary to understand how Payroll Professionals carry
out their responsibilities accurately, e?ciently, and in compliance with
applicable laws and regulations. Over the course of this certi?cate, you
have learned to: Identify the value the payroll function provides
organizations as a strategic business partner. Build a foundation of
basic payroll terms, regulations, and concepts needed to execute and
administer the payroll function. Perform the steps needed to process
payroll including calculating earnings, deductions, and taxes. Develop
essential competencies like customer service, data gathering and
analysis, problem-solving. Create a toolkit of resources and templates.
The online specialization named in this certi?cate may draw on material from courses taught on-campus, but the included
courses are not equivalent to on-campus courses. Participation in this online specialization does not constitute enrollment
at this university. This certi?cate does not confer a University grade, course credit or degree, and it does not verify the
identity of the learner.
Verify this certi?cate at: 
https://coursera.org/verify/profession
al-cert/DSQJZ2Z8NA1G"
Vanderbilt University,Agentic AI and AI Agents for Leaders,https://www.coursera.org/account/accomplishments/specialization/CFJ0ZMB70BC7,"3 Courses
Agentic AI and AI Agents: A
Primer for Leaders
OpenAI GPTs: Creating Your
Own Custom AI Assistants
Prompt Engineering for
ChatGPT
Dr. Jules White
Professor 
Department of
Computer Science 
Vanderbilt University
Jun 9, 2025
Al Rey Villagracia
has successfully completed the online, non-credit Specialization
Agentic AI and AI Agents
for Leaders
This specialization provides leaders with a comprehensive
understanding of Agentic AI and AI agents, equipping them to drive
innovation and strategic decision-making in their organizations.
Learners will gain practical skills to design basic AI agents using custom
GPTs, critically evaluate AI solutions, and harness automation for real-
world impact.
The online specialization named in this certi?cate may draw on material from courses taught on-campus, but the included
courses are not equivalent to on-campus courses. Participation in this online specialization does not constitute enrollment
at this university. This certi?cate does not confer a University grade, course credit or degree, and it does not verify the
identity of the learner.
Verify this certi?cate at: 
https://coursera.org/verify/specializat
ion/CFJ0ZMB70BC7"
Vanderbilt University,AI Agent Developer,https://www.coursera.org/account/accomplishments/specialization/U2DWMA6HJFOK,"6 Courses
AI Agents and Agentic AI
with Python & Generative AI
AI Agents and Agentic AI
Architecture in Python
OpenAI GPTs: Creating Your
Own Custom AI Assistants
Prompt Engineering for
ChatGPT
ChatGPT Advanced Data
Analysis
Trustworthy Generative AI
Jul 7, 2025
Al Rey Villagracia
has successfully completed the online, non-credit Specialization
AI Agent Developer
This Specialization certi?es that the learner has successfully completed
a comprehensive program in AI Agent and Agentic AI Software
Development. The learner has demonstrated the ability to design,
build, and deploy intelligent, tool-using AI agents using Python, prompt
engineering, and advanced generative AI techniques. With hands-on
experience in agent architecture, memory systems, custom GPT
development, and trustworthy AI practices, the learner is equipped to
function as a professional AI Agent Software Developer capable of
solving complex, real-world problems in modern software
environments.
The online specialization named in this certi?cate may draw on material from courses taught on-campus, but the included
courses are not equivalent to on-campus courses. Participation in this online specialization does not constitute enrollment
at this university. This certi?cate does not confer a University grade, course credit or degree, and it does not verify the
identity of the learner.
Verify this certi?cate at: 
https://coursera.org/verify/specializat
ion/U2DWMA6HJFOK"
University of Pennsylvania,AI For Business,https://www.coursera.org/account/accomplishments/specialization/6CO78Z7TIO2E,"4 Courses
AI Fundamentals for Non-
Data Scientists
AI Applications in Marketing
and Finance
AI Applications in People
Management
AI Strategy and Governance
Kartik Hosanagar,
Professor, Operations,
Information, and
Decisions | Peter
Cappelli, Professor of
Management, Director,
Center for Human
Resources | Michael R.
Roberts, Professor of
Finance | Prasanna
Tambe, Associate
Professor of Operations
| Lynn Wu, Associate
Professor, Operations &
Decisions
Jul 9, 2025
Al Rey Villagracia
has successfully completed the online, non-credit Specialization
AI For Business
Learners who have earned the certi?cate in the AI For Business
Specialization have learned how to implement rule-based systems,
implement AI algorithms, and use blockchain in HR functions to
maintain data privacy. They know the fundamentals of Deep Learning,
Machine Learning, and the economy of using Big Data to improve
processes and bring innovation. They have also learned di?erent data
management tools, natural language processing, and using analytics to
target marketing based on consumer behavior. Learners are able to
utilize AI to accelerate the digital transformation of an organization to
maintain a competitive edge.
The online specialization named in this certi?cate may draw on material from courses taught on-campus, but the included
courses are not equivalent to on-campus courses. Participation in this online specialization does not constitute enrollment
at this university. This certi?cate does not confer a University grade, course credit or degree, and it does not verify the
identity of the learner.
Verify this certi?cate at: 
https://coursera.org/verify/specializat
ion/6CO78Z7TIO2E"
University of Michigan,AI for Creative Work,https://www.coursera.org/account/accomplishments/specialization/EH4VN3DNKGQ5,"3 Courses
AI Basics and Tools for
Creativity
AI Ethics, Responsible Use,
and Creativity
Using AI to Expand
Creativity
Charles Garrett 
Professor of
Musicology, Glenn
McGeoch Collegiate 
Professor of MusicGarrett Schumann 
Lecturer 
College of Literature,
Science, and the Arts
Jul 7, 2025
Al Rey Villagracia
has successfully completed the online, non-credit Specialization
AI for Creative Work
In this specialization, learners developed and honed skills to
successfully and sustainably incorporate AI into their own or their
organization's creative work. Learners engaged with a range of
materials related to many kinds of creativity. They encountered the
expert viewpoints of their instructors as well as guest contributors
who work and specialize in multiple creative disciplines. The
Specialization's key skills included mastering SIFT (specify, identify,
focus, and trust), a method for evaluating and implementing AI
responsibly and e?ectively. Additionally, through a cumulative series of
re?ective assignments, learners connected concepts from the
Specialization with their real-world creative work, developing a durable
practice they can apply to various professional situations.
The online specialization named in this certi?cate may draw on material from courses taught on-campus, but the included
courses are not equivalent to on-campus courses. Participation in this online specialization does not constitute enrollment
at this university. This certi?cate does not confer a University grade, course credit or degree, and it does not verify the
identity of the learner.
Verify this certi?cate at: 
https://coursera.org/verify/specializat
ion/EH4VN3DNKGQ5"
University of Pennsylvania,Business and Financial Modeling,https://www.coursera.org/account/accomplishments/specialization/C0DLYMGUU9RQ,"5 Courses
Fundamentals of
Quantitative Modeling
Introduction to
Spreadsheets and Models
Modeling Risk and Realities
Decision-Making and
Scenarios
Wharton Business and
Financial Modeling Capstone
Robert Holthausen,
Professor of Accounting
and Finance, Richard
Lambert, Professor of
Accounting, Sergei
Savin, Associate
Professor, Richard
Waterman, Practice
Professor, Don
Huesman, InstructorJul 10, 2025
Al Rey Villagracia
has successfully completed the online, non-credit Specialization
Business and Financial
Modeling
This learner has successfully completed all ?ve courses in Wharton's
Business and Financial Modeling Specialization, and has obtained the
skills needed to create spreadsheet models to describe realities, build
scenarios, and predict performance to inform business and ?nancial
decisions.
The online specialization named in this certi?cate may draw on material from courses taught on-campus, but the included
courses are not equivalent to on-campus courses. Participation in this online specialization does not constitute enrollment
at this university. This certi?cate does not confer a University grade, course credit or degree, and it does not verify the
identity of the learner.
Verify this certi?cate at: 
https://coursera.org/verify/specializat
ion/C0DLYMGUU9RQ"
Starweaver,Certified Business Analysis Professional? (CBAP®),https://www.coursera.org/account/accomplishments/specialization/U29M9YULUI07,"4 Courses
Business Analysis: Key
De?nitions & Strategy
Analysis
Advanced Business Analysis:
Elicitation & Analysis
Advanced Requirements
Management & Solution
Evaluation
Business Analysis Mastery:
Planning, Skills, and
Perspective
Certi?ed Business
Analysis Professional
(CBAP) & Coach
Jul 16, 2025
Al Rey Villagracia
has successfully completed the online, non-credit Specialization
Certi?ed Business
Analysis Professional™
(CBAP®)
This certi?cate acknowledges that the learner has completed the
'Certi?ed Business Analysis Professional (CBAP) Specialization,
demonstrating expertise in requirements management, solution
evaluation, stakeholder engagement, and business analysis planning. It
quali?es for 35 professional/continuous development units with
IIBA®. This specialization prepares the learner for the Certi?ed
Business Analysis Professional™ (CBAP®) Exam and does not grant the
right to use the title of a Certi?ed Business Analysis Professional or
CBAP.
The online specialization named in this certi?cate may draw on material from courses taught on-campus, but the included
courses are not equivalent to on-campus courses. Participation in this online specialization does not constitute enrollment
at this university. This certi?cate does not confer a University grade, course credit or degree, and it does not verify the
identity of the learner.
Verify this certi?cate at: 
https://coursera.org/verify/specializat
ion/U29M9YULUI07"
Duke University,Church Administration: Finance,https://www.coursera.org/account/accomplishments/specialization/2F2U6B5KAVWG,"3 Courses
Church Administration
Theology and Time
Management
Strategic Management for
Churches
Financial Management for
Churches
Rae Cho; Visting
Assistant Professor 
 
Russ Elmayan; Visiting
Assistant Professor
Jul 11, 2025
Al Rey Villagracia
has successfully completed the online, non-credit Specialization
Church Administration:
Finance
You have learned how to 1) draw upon management excellence and
know-how in a theologically appropriate way, 2) develop a plan to
steward your time more e?ectively, 3) implement key practices of
strategic management in your church, 4) establish ?nancial policies
and procedures that enable your church to use ?nancial resources
wisely.
The online specialization named in this certi?cate may draw on material from courses taught on-campus, but the included
courses are not equivalent to on-campus courses. Participation in this online specialization does not constitute enrollment
at this university. This certi?cate does not confer a University grade, course credit or degree, and it does not verify the
identity of the learner.
Verify this certi?cate at: 
https://coursera.org/verify/specializat
ion/2F2U6B5KAVWG"
Packt,CompTIA A+ Certification Core 1 (220-1101),https://www.coursera.org/account/accomplishments/specialization/66VH8YJQF1YB,"3 Courses
IT Fundamentals and
Hardware Essentials
Networking, Peripherals,
and Wireless Technologies
Advanced Networking,
Virtualization, and IT
Security
Jul 17, 2025
Al Rey Villagracia
has successfully completed the online, non-credit Specialization
CompTIA A+ Certi?cation
Core 1 (220-1101)
Congratulations on completing the CompTIA A+ Core 1 (220-1101)
course! You’ve gained essential skills in con?guring and setting up
mobile devices, mastering key hardware components like
motherboards, CPUs, RAM, and storage. You explored networking
fundamentals, covering con?gurations, protocols, and internet
connections like ?ber and LAN. Additionally, you learned about cloud
computing, virtual machines, and cloud services. Finally, you developed
troubleshooting techniques for hardware and network issues. You’re
now well-prepared for the CompTIA A+ Core 1 certi?cation exam.
The online specialization named in this certi?cate may draw on material from courses taught on-campus, but the included
courses are not equivalent to on-campus courses. Participation in this online specialization does not constitute enrollment
at this university. This certi?cate does not confer a University grade, course credit or degree, and it does not verify the
identity of the learner.
Verify this certi?cate at: 
https://coursera.org/verify/specializat
ion/66VH8YJQF1YB"
Packt,CompTIA A+ Certification Core 2 (220-1102),https://www.coursera.org/account/accomplishments/specialization/TQYMAPK9PPK3,"3 Courses
Foundations of Computer
Hardware and Storage
Operating Systems and
Networking Fundamentals
Advanced Networking,
Security, and IT Operations
Jul 17, 2025
Al Rey Villagracia
has successfully completed the online, non-credit Specialization
CompTIA A+ Certi?cation
Core 2 (220-1102)
Congratulations on successfully completing the CompTIA A+ Core 2
(220-1102) certi?cation course! This course covered key IT topics,
including operating systems, security, troubleshooting, and essential IT
operations. You explored the structure of the CompTIA A+ exam and
developed crucial skills such as professional communication, customer
handling, and safety procedures. You also gained expertise in
operating systems like Windows, macOS, and Linux, as well as in user
management, ?le systems, and troubleshooting. Additionally, you
learned important security practices and operational procedures to
ensure smooth IT infrastructure management.
The online specialization named in this certi?cate may draw on material from courses taught on-campus, but the included
courses are not equivalent to on-campus courses. Participation in this online specialization does not constitute enrollment
at this university. This certi?cate does not confer a University grade, course credit or degree, and it does not verify the
identity of the learner.
Verify this certi?cate at: 
https://coursera.org/verify/specializat
ion/TQYMAPK9PPK3"
CVS Health,CVS Health Call Center Customer Service,https://www.coursera.org/account/accomplishments/professional-cert/3JFI3LPYSG1U,"4 Courses
Introduction to Customer
Service
Interacting with Customers
Call Center Customer
Service
Preparing for Your Call
Center Customer Service
Role
Ricky La 
Customer Service
ExpertDenielle Booth 
Customer Service
Expert
Cory McLaren 
Customer Service
Expert
Jul 10, 2025
Al Rey Villagracia
has successfully completed the online, non-credit Professional
Certi?cate
CVS Health Call Center
Customer Service
A career in customer service requires mastery of tangible people and
communication skills. This program balances interpersonal and team
skills with tasks executed in a call center customer service environment
to prepare learners for success on the job. After completing this
program you can demonstrate active listening, greeting customer, root
cause analysis, de-escalation and prioritize tasks using time
management skills. The program also optimizes a candidate for a
position by allowing you to practice interview questions based on the
material in each module, make observations in the community that can
be drawn on in interviews, create a resume, and prepare an
appropriate social media presence for a job search.
The online specialization named in this certi?cate may draw on material from courses taught on-campus, but the included
courses are not equivalent to on-campus courses. Participation in this online specialization does not constitute enrollment
at this university. This certi?cate does not confer a University grade, course credit or degree, and it does not verify the
identity of the learner.
Verify this certi?cate at: 
https://coursera.org/verify/profession
al-cert/3JFI3LPYSG1U"
IBM,Data Management,https://www.coursera.org/account/accomplishments/professional-cert/WBCOP5MNVXNP,"12 Courses
Rav Ahuja, Program
Director, IBM Skills
Network
 
Introduction to Data Engineering
Excel Basics for Data Analysis
Statistical Analysis Fundamentals
using Excel
Data Visualization and Dashboards
with Excel and Cognos
Introduction to Relational
Databases (RDBMS)
SQL: A Practical Introduction for
Querying Databases
Data Warehouse Fundamentals
Getting Started with Tableau
Data Integration, Data Storage, &
Data Migration
Data Privacy, Security,
Governance, Risk and Compliance
Data Management Capstone
Project
Practice Test for CompTIA Data+
Certi?cationJul 13, 2025
Al Rey Villagracia
has successfully completed the online, non-credit Professional
Certi?cate
IBM Data Management
This Data Manager Professional Certi?cate equips you with the
essential skills and hands-on experience employers are looking for in
data-related roles. As a result of this program, you will become
competent with industry-standard tools such as Excel and Tableau to
analyze and visualize data by building charts and dashboards. You will
understand the distinctions among data repositories including
relational and NoSQL databases, data warehouses, data marts, data
lakes, and data lakehouses. You will explore the data ecosystem, such
as architectures, pipelines, and management processes. You will also
understand the signi?cance of high-quality security, governance, and
compliance with respect to the data lifecycle and related concepts
The online specialization named in this certi?cate may draw on material from courses taught on-campus, but the included
courses are not equivalent to on-campus courses. Participation in this online specialization does not constitute enrollment
at this university. This certi?cate does not confer a University grade, course credit or degree, and it does not verify the
identity of the learner.
Verify this certi?cate at: 
https://coursera.org/verify/profession
al-cert/WBCOP5MNVXNP"
University of Colorado Boulder,Data Visualization & Analytics in Tableau,https://www.coursera.org/account/accomplishments/specialization/X88PSUFOE26P,"3 Courses
Fundamentals of
Visualization & Design with
Tableau
Essential Dashboarding &
Storytelling Techniques
Advanced Visualizations
using Tableau
Kenneth Miller, M.S. 
Adjunct Faculty | Senior
Data Analyst 
Marketing, Data &
Analytics
Jul 17, 2025
Al Rey Villagracia
has successfully completed the online, non-credit Specialization
Data Visualization &
Analytics in Tableau
Learners gained the skills necessary to become an expert data
visualizer - creating both basic and complex charts in Tableau,
understanding the underlying data structure of unknown data sets,
and implementing advanced tools capable of forecasting, clustering
and showing trends. Learners completed a capstone project at the
end of the Specialization to apply their new knowledge and skills.
The online specialization named in this certi?cate may draw on material from courses taught on-campus, but the included
courses are not equivalent to on-campus courses. Participation in this online specialization does not constitute enrollment
at this university. This certi?cate does not confer a University grade, course credit or degree, and it does not verify the
identity of the learner.
Verify this certi?cate at: 
https://coursera.org/verify/specializat
ion/X88PSUFOE26P"
University of Colorado Boulder,Databases for Data Scientists,https://www.coursera.org/account/accomplishments/specialization/Z5IQ1WR5PDMU,"3 Courses
Relational Database Design
The Structured Query
Language (SQL)
Advanced Topics and Future
Trends in Database
Technologies
Di Wu 
Instructor 
Data ScienceAlan Paradise 
Teaching Professor 
Computer Science
Jul 4, 2025
Al Rey Villagracia
has successfully completed the online, non-credit Specialization
Databases for Data
Scientists
In this specialization learners developed essential skills about relational
databases, including relational database design, database software
fundamentals, and how to use the Structured Query Language (SQL)
to work with databases. The specialization also introduced advanced
topics in the ?eld, such as database administration, data warehouse,
big data, and NoSQL. Learners completed multiple projects to apply
their new knowledge and skills.
The online specialization named in this certi?cate may draw on material from courses taught on-campus, but the included
courses are not equivalent to on-campus courses. Participation in this online specialization does not constitute enrollment
at this university. This certi?cate does not confer a University grade, course credit or degree, and it does not verify the
identity of the learner.
Verify this certi?cate at: 
https://coursera.org/verify/specializat
ion/Z5IQ1WR5PDMU"
Vanderbilt University,Generative AI Assistants,https://www.coursera.org/account/accomplishments/specialization/NYX3D9YA3D3O,"3 Courses
Prompt Engineering for
ChatGPT
OpenAI GPTs: Creating Your
Own Custom AI Assistants
Trustworthy Generative AI
Dr. Jules White
Professor 
Department of
Computer Science 
Vanderbilt University
Jul 7, 2025
Al Rey Villagracia
has successfully completed the online, non-credit Specialization
Generative AI Assistants
Step into the frontier of digital assistance with the ""Generative AI
Assistants"" specialization, your guide to crafting bespoke AI partners
for any sector or specialized need. This course unveils the complexities
of tailoring GPT-style language models that intuitively align with your
world—be it legal, logistical, or scienti?c. You'll learn how to train your
custom AI to parse through documents, engage in natural dialogue,
and even mimic designated communicative tones—all while rigorously
testing to assure precision and reliability.
The online specialization named in this certi?cate may draw on material from courses taught on-campus, but the included
courses are not equivalent to on-campus courses. Participation in this online specialization does not constitute enrollment
at this university. This certi?cate does not confer a University grade, course credit or degree, and it does not verify the
identity of the learner.
Verify this certi?cate at: 
https://coursera.org/verify/specializat
ion/NYX3D9YA3D3O"
IBM,Generative AI for Data Scientists,https://www.coursera.org/account/accomplishments/specialization/J6IOEP6U0AQC,"3 Courses
Generative AI: Introduction
and Applications
Generative AI: Prompt
Engineering Basics
Generative AI: Elevate Your
Data Science Career
Rav Ahuja 
Global Program
Director,  
Skills NetworkAntonio Cangiano 
Engineering Manager
and AI Specialist 
IBM Digital Business
Group
Abhishek Gagneja 
Python and AI Subject
Matter ExpertDr. Pooja 
Instructor and Subject
Matter Expert 
Skill-Up Technologies
Jun 13, 2025
Al Rey Villagracia
has successfully completed the online, non-credit Specialization
Generative AI for Data
Scientists
By completing this specialization, the learner has demonstrated the
ability to di?erentiate generative AI from discriminative AI, describe
real-world generative uses, and identify and use popular generative AI
models and tools for text, code, image, audio, and video generation.
The learner can explain generative AI prompt engineering concepts,
provide examples, and apply prompt engineering techniques that
create demonstrably useful outcomes. The learner can identify useful,
appropriate generative AI tools for data science and apply generative
AI prompt techniques to tasks throughout the data methodology
process including data set generation data set augmentation, and
machine learning model development and re?nement, visualizations,
and insights.
The online specialization named in this certi?cate may draw on material from courses taught on-campus, but the included
courses are not equivalent to on-campus courses. Participation in this online specialization does not constitute enrollment
at this university. This certi?cate does not confer a University grade, course credit or degree, and it does not verify the
identity of the learner.
Verify this certi?cate at: 
https://coursera.org/verify/specializat
ion/J6IOEP6U0AQC"
Scrimba,Generative AI for Web Development,https://www.coursera.org/account/accomplishments/specialization/V0VVKRVJEOWO,"3 Courses
Prompt Engineering for Web
Developers
Intro to Claude AI
Vibe Coding with Cursor AI
CEO at Scrimba
Jul 9, 2025
Al Rey Villagracia
has successfully completed the online, non-credit Specialization
Generative AI for Web
Development
In this specialization, learners have developed practical skills for using
generative AI throughout the web development process. They have
learned how to prompt large language models e?ectively, generate
and debug code with AI support, and design interactive applications
that integrate intelligent features using tools like Claude AI and Cursor.
Through hands-on projects, learners have demonstrated their ability
to code more e?ciently and build AI-powered web experiences that
re?ect modern development work?ows.
The online specialization named in this certi?cate may draw on material from courses taught on-campus, but the included
courses are not equivalent to on-campus courses. Participation in this online specialization does not constitute enrollment
at this university. This certi?cate does not confer a University grade, course credit or degree, and it does not verify the
identity of the learner.
Verify this certi?cate at: 
https://coursera.org/verify/specializat
ion/V0VVKRVJEOWO"
"University of California, Davis",Geographic Information Systems (GIS),https://www.coursera.org/account/accomplishments/specialization/QZ9KY8YZAZZE,"4 Courses
Fundamentals of GIS
GIS Data Formats, Design
and Quality
Geospatial Analysis with
ArcGIS
GIS Applications Across
Industries
Nicholas Santos,
Geospatial Applications
Researcher, UC Davis
Center for Watershed
Sciences 
Je? Loux, Chair,
Department of Science,
Agriculture and Natural
Resources & Associate
Adjunct Professor
Jul 10, 2025
Al Rey Villagracia
has successfully completed the online, non-credit Specialization
Geographic Information
Systems (GIS)
In this specialization, learners gained the skills to act as professional
GIS analysts and communicate with peers. The specialization covered
the technical aspects of GIS including: gathering and sharing
geographic data, managing spatial data, projections, data quality
concerns, geoprocessing and spatial analysis, ModelBuilder, data
creation, data formats, and imagery. Learners also gained cartography
skills to present their ?ndings through professional-quality maps.
The online specialization named in this certi?cate may draw on material from courses taught on-campus, but the included
courses are not equivalent to on-campus courses. Participation in this online specialization does not constitute enrollment
at this university. This certi?cate does not confer a University grade, course credit or degree, and it does not verify the
identity of the learner.
Verify this certi?cate at: 
https://coursera.org/verify/specializat
ion/QZ9KY8YZAZZE"
L&T EduTech,Geospatial Techniques for Engineers,https://www.coursera.org/account/accomplishments/specialization/WRZ9KOTMCGAD,"3 Courses
Geospatial Technology for
Construction
Geospatial Information
Technology Essentials
Mastering Geospatial
Analysis with QGIS
Subject Matter Expert 
L&T Edutech
Jul 5, 2025
Al Rey Villagracia
has successfully completed the online, non-credit Specialization
Geospatial Techniques for
Engineers
The Geospatial Technologies for Engineers specialization equips
learners with geospatial tools for engineering, leveraging L&T’s
expertise. Participants explore surveying, GNSS navigation, and LiDAR,
gaining hands-on experience in site management and project
oversight. The course covers GIS fundamentals, data management,
and spatial analysis, integrating web and mobile GIS for real-time
monitoring. The advanced module focuses on QGIS for spatial
analyses, 3D mapping, and satellite data. Combining theory and
practice, learners gain expertise in geospatial technologies, applying
skills from conceptualization to project execution. By course end,
participants enhance project management, decision-making, and
operational e?ciency using geospatial tools.
The online specialization named in this certi?cate may draw on material from courses taught on-campus, but the included
courses are not equivalent to on-campus courses. Participation in this online specialization does not constitute enrollment
at this university. This certi?cate does not confer a University grade, course credit or degree, and it does not verify the
identity of the learner.
Verify this certi?cate at: 
https://coursera.org/verify/specializat
ion/WRZ9KOTMCGAD"
University of Toronto,"GIS, Mapping, and Spatial Analysis",https://www.coursera.org/account/accomplishments/specialization/51YNYFU58KKU,"4 Courses
Introduction to GIS Mapping
GIS Data Acquisition and
Map Design
Spatial Analysis and Satellite
Imagery in a GIS
GIS, Mapping, and Spatial
Analysis Capstone
Don Boyes 
Professor, Teaching
Stream 
Geography and
Planning, UToronto
Jul 10, 2025
Al Rey Villagracia
has successfully completed the online, non-credit Specialization
GIS, Mapping, and Spatial
Analysis
This Specialization is for those new to mapping and GIS, as well as
anyone looking to gain a better understanding of how it all works and
why. You will learn practical skills that can be applied to your own work
using cutting-edge software created by Esri Inc., the world's leading
GIS company and our industry partner.
The online specialization named in this certi?cate may draw on material from courses taught on-campus, but the included
courses are not equivalent to on-campus courses. Participation in this online specialization does not constitute enrollment
at this university. This certi?cate does not confer a University grade, course credit or degree, and it does not verify the
identity of the learner.
Verify this certi?cate at: 
https://coursera.org/verify/specializat
ion/51YNYFU58KKU"
Google,Google Advanced Data Analytics,https://www.coursera.org/account/accomplishments/professional-cert/EBT64B1JIUGP,"8 Courses
Foundations of Data Science
Get Started with Python
Go Beyond the Numbers:
Translate Data into Insights
The Power of Statistics
Regression Analysis: Simplify
Complex Data Relationships
The Nuts and Bolts of
Machine Learning
Google Advanced Data
Analytics Capstone
Accelerate Your Job Search
with AI
Amanda Brophy 
Global Director of
Google Career
Certi?cates
Jul 11, 2025
Al Rey Villagracia
has successfully completed the online, non-credit Professional
Certi?cate
Google Advanced Data
Analytics
Those who earn the Google Advanced Data Analytics Certi?cate have
completed seven courses that include hands-on, practice-based
assessments and are designed to prepare them for advanced roles in
data analytics and entry-level roles in data science. They are
competent in exploring large datasets, applying data analysis
techniques, and building models to extract insights. They are also
competent in machine learning, predictive modeling, and statistics.
The online specialization named in this certi?cate may draw on material from courses taught on-campus, but the included
courses are not equivalent to on-campus courses. Participation in this online specialization does not constitute enrollment
at this university. This certi?cate does not confer a University grade, course credit or degree, and it does not verify the
identity of the learner.
Verify this certi?cate at: 
https://coursera.org/verify/profession
al-cert/EBT64B1JIUGP"
Google,Google Cybersecurity,https://www.coursera.org/account/accomplishments/professional-cert/J002QNYSAY3O,"9 Courses
Foundations of
Cybersecurity
Play It Safe: Manage
Security Risks
Connect and Protect:
Networks and Network
Security
Tools of the Trade: Linux and
SQL
Assets, Threats, and
Vulnerabilities
Sound the Alarm: Detection
and Response
Automate Cybersecurity
Tasks with Python
Put It to Work: Prepare for
Cybersecurity Jobs
Accelerate Your Job Search
with AI
Amanda Brophy 
Global Director of
Google Career
Certi?cates
Jul 10, 2025
Al Rey Villagracia
has successfully completed the online, non-credit Professional
Certi?cate
Google Cybersecurity
Those who earn the Google Cybersecurity Certi?cate have completed
eight courses, developed by Google, that include hands-on, practice-
based assessments and are designed to prepare them for entry-level
roles in cybersecurity. They are competent in beginner-level Python,
Linux, SQL, Security Information and Event Management (SIEM) tools,
and Intrusion Detection Systems (IDS). They know how to identify
common cybersecurity risks, threats, and vulnerabilities, as well as the
techniques to mitigate.
The online specialization named in this certi?cate may draw on material from courses taught on-campus, but the included
courses are not equivalent to on-campus courses. Participation in this online specialization does not constitute enrollment
at this university. This certi?cate does not confer a University grade, course credit or degree, and it does not verify the
identity of the learner.
Verify this certi?cate at: 
https://coursera.org/verify/profession
al-cert/J002QNYSAY3O"
Google,Google Data Analytics,https://www.coursera.org/account/accomplishments/professional-cert/X9G37KAP8PJW,"9 Courses
Foundations: Data, Data,
Everywhere
Ask Questions to Make
Data-Driven Decisions
Prepare Data for
Exploration
Process Data from Dirty to
Clean
Analyze Data to Answer
Questions
Share Data Through the Art
of Visualization
Data Analysis with R
Programming
Google Data Analytics
Capstone: Complete a Case
Study
Accelerate Your Job Search
with AI
Amanda Brophy 
Global Director of
Google Career
Certi?cates
Jul 11, 2025
Al Rey Villagracia
has successfully completed the online, non-credit Professional
Certi?cate
Google Data Analytics
Those who earn the Google Data Analytics Professional Certi?cate
have completed eight courses, developed by Google, that include
hands-on, practice-based assessments and are designed to prepare
them for introductory-level roles in Data Analytics. They are competent
in tools and platforms including spreadsheets, SQL, Tableau, and R.
They know how to prepare, process, analyze, and share data for
thoughtful action.
The online specialization named in this certi?cate may draw on material from courses taught on-campus, but the included
courses are not equivalent to on-campus courses. Participation in this online specialization does not constitute enrollment
at this university. This certi?cate does not confer a University grade, course credit or degree, and it does not verify the
identity of the learner.
Verify this certi?cate at: 
https://coursera.org/verify/profession
al-cert/X9G37KAP8PJW"
Google,Google Project Management:,https://www.coursera.org/account/accomplishments/professional-cert/542ZDFXOXP8B,"7 Courses
Foundations of Project
Management
Project Initiation: Starting a
Successful Project
Project Planning: Putting It
All Together
Project Execution: Running
the Project
Agile Project Management
Capstone: Applying Project
Management in the Real
World
Accelerate Your Job Search
with AI
Amanda Brophy 
Global Director of
Google Career
Certi?cates
Jun 8, 2025
Al Rey Villagracia
has successfully completed the online, non-credit Professional
Certi?cate
Google Project
Management:
Those who earn the Google Project Management Certi?cate have
completed seven courses, developed by Google, that include hands-
on, practice-based assessments and are designed to prepare them for
introductory-level roles in Project Management. They are competent in
initiating, planning and running both traditional and agile projects.
The online specialization named in this certi?cate may draw on material from courses taught on-campus, but the included
courses are not equivalent to on-campus courses. Participation in this online specialization does not constitute enrollment
at this university. This certi?cate does not confer a University grade, course credit or degree, and it does not verify the
identity of the learner.
Verify this certi?cate at: 
https://coursera.org/verify/profession
al-cert/542ZDFXOXP8B"
IBM,IBM AI Developer,https://www.coursera.org/account/accomplishments/professional-cert/M0RY6LC0QZBI,"10 Courses
Rav Ahuja 
Global Program
Director,  
Skills Network
Introduction to Software
Engineering
Introduction to Arti?cial
Intelligence (AI)
Generative AI: Introduction and
Applications
Generative AI: Prompt Engineering
Basics
Introduction to HTML, CSS, &
JavaScript
Python for Data Science, AI &
Development
Developing AI Applications with
Python and Flask
Building Generative AI-Powered
Applications with Python
Generative AI: Elevate your
Software Development Career
Software Developer Career Guide
and Interview PreparationJul 7, 2025
Al Rey Villagracia
has successfully completed the online, non-credit Professional
Certi?cate
IBM AI Developer
In this Professional Certi?cate, learners acquired the core knowledge
and practical skills to build web applications and generative AI-
powered solutions. They acquired a foundational understanding of
the concepts related to programming and the Software Development
Lifecycle (SDLC). They learned about the concepts, techniques, and
applications related to AI, including generative AI and prompt
engineering. The certi?cate holder has demonstrated their ability to
design and develop web applications using HTML, CSS, JavaScript,
Python, and Flask and build chatbots and innovative solutions using
generative AI-powered models, tools and technologies. The certi?cate
holder is prepared for a promising career in AI development and
software engineering, specializing in generative AI.
The online specialization named in this certi?cate may draw on material from courses taught on-campus, but the included
courses are not equivalent to on-campus courses. Participation in this online specialization does not constitute enrollment
at this university. This certi?cate does not confer a University grade, course credit or degree, and it does not verify the
identity of the learner.
Verify this certi?cate at: 
https://coursera.org/verify/profession
al-cert/M0RY6LC0QZBI"
IBM,IBM Business Analyst,https://www.coursera.org/account/accomplishments/professional-cert/H1CGUNAJGVYA,"7 Courses
Introduction to Business
Analysis
Excel Basics for Data
Analysis
Data Visualization and
Dashboards with Excel and
Cognos
Business Analysis: Process
Modeling & Requirements
Gathering
Business Analysis: Project
and Stakeholder
Management
Business Analysis:
Preparation Exam for ECBA
Certi?cation
Capstone Project: Applying
Business Analysis Skills
Daniel C. Yeomans,
Skill-Up EdTech Team,
Sandip Saha Joy 
Kevin McFaul, Shubhra
Das, Rav Ahuja 
Steve Ryan, Ramanujam
Srinivasan
 
Jul 1, 2025
Al Rey Villagracia
has successfully completed the online, non-credit Professional
Certi?cate
IBM Business Analyst
In this Professional Certi?cate, learners have gained essential skills to
perform tasks in an entry-level Business Analyst role. The certi?cate
holder has demonstrated a ?rm knowledge of the business analysis
process and strategic approaches to support decision-making. The
holder can implement process modeling techniques, gather
requirements e?ectively, and engage stakeholders to drive successful
business outcomes. They have developed pro?ciency in systems
analysis, data analysis, and data visualization and can apply essential
tools and techniques to address both basic and advanced challenges.
They also excel in project management by identifying stakeholders,
developing project plans, and executing tasks with strong
communication strategies.
The online specialization named in this certi?cate may draw on material from courses taught on-campus, but the included
courses are not equivalent to on-campus courses. Participation in this online specialization does not constitute enrollment
at this university. This certi?cate does not confer a University grade, course credit or degree, and it does not verify the
identity of the learner.
Verify this certi?cate at: 
https://coursera.org/verify/profession
al-cert/H1CGUNAJGVYA"
IBM,IBM Data Analyst,https://www.coursera.org/account/accomplishments/professional-cert/GTGZ1QUMB42W,"11 Courses
Rav Ahuja, Program
Director, IBM Skills
Network
Introduction to Data Analytics
Excel Basics for Data Analysis
Data Visualization and Dashboards
with Excel and Cognos
Python for Data Science, AI &
Development
Python Project for Data Science
Databases and SQL for Data Science
with Python
Data Analysis with Python
Data Visualization with Python
IBM Data Analyst Capstone Project
Generative AI: Enhance your Data
Analytics Career
Data Analyst Career Guide and
Interview PreparationApr 20, 2025
Al Rey Villagracia
has successfully completed the online, non-credit Professional
Certi?cate
IBM Data Analyst
This IBM Professional Certi?cate is earned after successfully
completing 11 courses on various topics in Data Analytics. The learner
understands the core principles of data analysis and has worked
hands-on with a variety of data sources, project scenarios, and data
analysis tools, including Excel, SQL, Relational Databases, Python,
Jupyter Notebooks, and Cognos Analytics, gaining practical experience
with data manipulation, data analysis, and data visualization. The
earner of this Certi?cate has demonstrated pro?ciency in applying
di?erent analytical techniques by analyzing real-world datasets,
creating visualizations & interactive dashboards, and presenting
reports to share ?ndings of data analysis, and is now equipped with
skills for an entry-level role in data analytics.
The online specialization named in this certi?cate may draw on material from courses taught on-campus, but the included
courses are not equivalent to on-campus courses. Participation in this online specialization does not constitute enrollment
at this university. This certi?cate does not confer a University grade, course credit or degree, and it does not verify the
identity of the learner.
Verify this certi?cate at: 
https://coursera.org/verify/profession
al-cert/GTGZ1QUMB42W"
IBM,IBM Data Science,https://www.coursera.org/account/accomplishments/professional-cert/9TKZLE1UE4UC,"12 Courses
Rav Ahuja 
AI & Data Science
Program Director 
IBM Skills Network
What is Data Science?
Tools for Data Science
Data Science Methodology
Python for Data Science, AI &
Development
Python Project for Data Science
Databases and SQL for Data Science
with Python
Data Analysis with Python
Data Visualization with Python
Machine Learning with Python
Applied Data Science Capstone
Generative AI: Elevate Your Data
Science Career
Data Scientist Career Guide and
Interview PreparationJun 18, 2025
Al Rey Villagracia
has successfully completed the online, non-credit Professional
Certi?cate
IBM Data Science
In this Professional Certi?cate, learners developed and honed hands-
on skills in Data Science and Machine Learning. Learners started with
an orientation of Data Science and its Methodology, became familiar
and used a variety of data science tools, learned Python and SQL,
performed Data Visualization and Analysis, and created Machine
Learning models. In the process they completed several labs and
assignments on the cloud including a Capstone Project at the end to
apply and demonstrate their knowledge and skills.
The online specialization named in this certi?cate may draw on material from courses taught on-campus, but the included
courses are not equivalent to on-campus courses. Participation in this online specialization does not constitute enrollment
at this university. This certi?cate does not confer a University grade, course credit or degree, and it does not verify the
identity of the learner.
Verify this certi?cate at: 
https://coursera.org/verify/profession
al-cert/9TKZLE1UE4UC"
AWS,Introducing Generative AI with AWS,www.udacity.com/certificate/e/14a8a5aa-47e1-11f0-bf99-c7fc6083370c,"Master the fundamentals of generative AI and develop a deep understanding of its historical context and real-world applications. Explore AI and machine learning foundations using AWS tools, large language models (LLMs) with transformer-based architectures, and the societal impacts of generative AI to understand AI's evolution and ethical deployment. Engage in exercises on AI history, machine learning approaches, prompt engineering, and responsible AI use to apply your knowledge in practical scenarios. Develop skills in distinguishing AI from ML, exploring LLMs, and emphasizing ethical AI deployment, enabling you to apply these concepts in real-world applications. Designed for learners with basic Python knowledge, this program empowers you to advance your understanding of generative AI.

"
Google,IT Support,https://www.coursera.org/account/accomplishments/professional-cert/5NGK6HNN950K,"6 Courses
Technical Support
Fundamentals
The Bits and Bytes of
Computer Networking
Operating Systems and You:
Becoming a Power User
System Administration and
IT Infrastructure Services
IT Security: Defense against
the digital dark arts
Accelerate Your Job Search
with AI
Amanda Brophy 
Global Director of
Google Career
Certi?cates
Jul 17, 2025
Al Rey Villagracia
has successfully completed the online, non-credit Professional
Certi?cate
Google IT Support
Whether you’ve been tinkering with IT or are completely new to the
?eld, you’ve come to the right place. This six-course certi?cate,
developed by Googlers, includes industry-relevant curriculum
designed to prepare you for an entry-level role in IT support. Think in-
person or remote help desk work, either in small shops or at a global
company, like Google!
The online specialization named in this certi?cate may draw on material from courses taught on-campus, but the included
courses are not equivalent to on-campus courses. Participation in this online specialization does not constitute enrollment
at this university. This certi?cate does not confer a University grade, course credit or degree, and it does not verify the
identity of the learner.
Verify this certi?cate at: 
https://coursera.org/verify/profession
al-cert/5NGK6HNN950K"
Intel,Leader of Learning Experiences,https://www.coursera.org/account/accomplishments/specialization/BFFKK5RIYRG5,"4 Courses
Establishing E?ective
Educator-Machine
Partnerships
Fostering Engagement in the
Age of Digital Distraction
Strengthening Real World
Relevance in the Classroom
Introduction to Learning
Remotely
Jul 11, 2025
Al Rey Villagracia
has successfully completed the online, non-credit Specialization
Leader of Learning
Experiences
This Specialization is intended for educators seeking to develop their
expertise in the delivery of technology-enabled learning experiences.
Through a series of 4(four) courses, you will learn how to adopt and
adapt innovative pedagogical approaches to learning supported by
digital technologies.
The online specialization named in this certi?cate may draw on material from courses taught on-campus, but the included
courses are not equivalent to on-campus courses. Participation in this online specialization does not constitute enrollment
at this university. This certi?cate does not confer a University grade, course credit or degree, and it does not verify the
identity of the learner.
Verify this certi?cate at: 
https://coursera.org/verify/specializat
ion/BFFKK5RIYRG5"
Board Infinity,Mastering DeepSeek.ai: From Fundamentals to Advanced Skills,https://www.coursera.org/account/accomplishments/specialization/BGB10Y96L0D3,"3 Courses
Building Applications with
DeepSeek
Build Intelligent Agents
Using DeepSeek & N8N
Building AI Agents with
DeepSeek using Make.com
Abhay Gupta, Co-
Founder, Board In?nity
Jul 16, 2025
Al Rey Villagracia
has successfully completed the online, non-credit Specialization
Mastering DeepSeek.ai:
From Fundamentals to
Advanced Skills
This Specialization equips learners with the skills to build, integrate,
and deploy AI-powered applications and intelligent agents using
DeepSeek. Through hands-on projects, learners will explore real-world
use cases, automate work?ows with tools like n8n and Make.com, and
implement advanced techniques such as embeddings, Retrieval-
Augmented Generation (RAG), and task-based AI agents. By the end of
the program, learners will be able to create scalable, production-ready
AI solutions for automation, data processing, and enterprise
applications.
The online specialization named in this certi?cate may draw on material from courses taught on-campus, but the included
courses are not equivalent to on-campus courses. Participation in this online specialization does not constitute enrollment
at this university. This certi?cate does not confer a University grade, course credit or degree, and it does not verify the
identity of the learner.
Verify this certi?cate at: 
https://coursera.org/verify/specializat
ion/BGB10Y96L0D3"
Meta,Meta Data Analyst,https://www.coursera.org/account/accomplishments/professional-cert/5F5X45TKS803,"5 Courses
Introduction to Data
Analytics
Data Analysis with
Spreadsheets and SQL
Python Data Analytics
Statistics Foundations
Introduction to Data
Management
Anke Audenaert 
CEO & Co-Founder Aptly 
Adj. Professor, UCLA
Anderson School of
ManagementBrandon Larkin 
Deputy CIO
Victor Geislinger 
Data ScientistDr. Brandi Robinson 
Learning Architect
Jul 2, 2025
Al Rey Villagracia
has successfully completed the online, non-credit Professional
Certi?cate
Meta Data Analyst
In this specialization, learners developed and honed essential data
analytics skills, including applying the OSEMN framework to data
analysis, using SQL queries to pull data from a database, cleaning data
using spreadsheets, and basic Python applied to data analytics.
Learners also developed a foundational understanding of statistics
and data management principles.
The online specialization named in this certi?cate may draw on material from courses taught on-campus, but the included
courses are not equivalent to on-campus courses. Participation in this online specialization does not constitute enrollment
at this university. This certi?cate does not confer a University grade, course credit or degree, and it does not verify the
identity of the learner.
Verify this certi?cate at: 
https://coursera.org/verify/profession
al-cert/5F5X45TKS803"
Meta,Meta Marketing Analytics,https://www.coursera.org/account/accomplishments/professional-cert/ZH9OJ5266KFV,"8 Courses
Marketing Analytics
Foundation
Introduction to Data
Analytics
Data Analysis with
Spreadsheets and SQL
Python Data Analytics
Statistics Foundations
Data Analytics Methods for
Marketing
Marketing Analytics with
Meta
Meta Marketing Science
Certi?cation Exam
Anke Audenaert CEO &
Co-Founder Aptly 
Adj. Professor, UCLA
Anderson School of
Management
Jul 7, 2025
Al Rey Villagracia
has successfully completed the online, non-credit Professional
Certi?cate
Meta Marketing Analytics
In this professional certi?cate, learners developed and honed essential
marketing analytics skills, including basic principles of marketing,
analytics tasks such as using SQL queries to pull data from a database
and cleaning data using spreadsheets. Learners also developed a
foundational understanding of statistics, explored common analytics
methods used by marketers to evaluate and communicate the results
of advertising campaigns and Meta Marketing analytics tools.
The online specialization named in this certi?cate may draw on material from courses taught on-campus, but the included
courses are not equivalent to on-campus courses. Participation in this online specialization does not constitute enrollment
at this university. This certi?cate does not confer a University grade, course credit or degree, and it does not verify the
identity of the learner.
Verify this certi?cate at: 
https://coursera.org/verify/profession
al-cert/ZH9OJ5266KFV"
Microsoft,Microsoft AI & ML Engineering,https://www.coursera.org/account/accomplishments/professional-cert/E9ZZ1E68NS00,"5 Courses
Foundations of AI and
Machine Learning
AI and Machine Learning
Algorithms and Techniques
Building Intelligent
Troubleshooting Agents
Microsoft Azure for AI and
Machine Learning
Advanced AI and Machine
Learning Techniques and
Capstone
Marni Baker-Stein, 
Chief Content O?cer
Jul 10, 2025
Al Rey Villagracia
has successfully completed the online, non-credit Professional
Certi?cate
Microsoft AI & ML
Engineering
This comprehensive program is designed to equip students with the
knowledge and skills required to navigate the ever-evolving world of
arti?cial intelligence and machine learning (AI & ML). Comprising ?ve
courses, the program covers a broad spectrum of AI & ML topics,
from foundational infrastructure to advanced applications and real-
world deployment. Each course builds on the previous one, providing
students with both theoretical understanding and hands-on
experience, ensuring they are prepared for the challenges and
opportunities in the AI & ML ?eld.
The online specialization named in this certi?cate may draw on material from courses taught on-campus, but the included
courses are not equivalent to on-campus courses. Participation in this online specialization does not constitute enrollment
at this university. This certi?cate does not confer a University grade, course credit or degree, and it does not verify the
identity of the learner.
Verify this certi?cate at: 
https://coursera.org/verify/profession
al-cert/E9ZZ1E68NS00"
Microsoft,Microsoft Azure AI Fundamentals AI-900 Exam Prep,https://www.coursera.org/account/accomplishments/specialization/6KTYP94ANPMZ,"5 Courses
Arti?cial Intelligence on
Microsoft Azure
Microsoft Azure Machine
Learning
Computer Vision in
Microsoft Azure
Natural Language
Processing in Microsoft
Azure
Preparing for AI-900:
Microsoft Azure AI
Fundamentals exam
Marni Baker-Stein, 
Chief Content O?cer
Apr 14, 2025
Al Rey Villagracia
has successfully completed the online, non-credit Specialization
Microsoft Azure AI
Fundamentals AI-900
Exam Prep
In this Specialization, learners developed and honed the essential skills
for creating software that imitates human behaviors and capabilities,
including the types of solutions AI make possible, and the services on
Microsoft Azure that they can use to create them. The Specialization
focused on the core concepts and skills related to implementing
common Machine Learning and Arti?cial Intelligence workloads on
Microsoft Azure.
The online specialization named in this certi?cate may draw on material from courses taught on-campus, but the included
courses are not equivalent to on-campus courses. Participation in this online specialization does not constitute enrollment
at this university. This certi?cate does not confer a University grade, course credit or degree, and it does not verify the
identity of the learner.
Verify this certi?cate at: 
https://coursera.org/verify/specializat
ion/6KTYP94ANPMZ"
Microsoft,Microsoft Business Analyst,https://www.coursera.org/account/accomplishments/professional-cert/4FOGG2V85VI1,"6 Courses
Business Analysis
Fundamentals
Data for Business Analysts
Using Microsoft Excel
Data and Business Process
Modeling with Microsoft
Visio
Requirements Gathering in
Business Analysis
Power Platform in Business
Analysis
Project Delivery in Business
Analysis and Capstone
Project
Marni Baker-Stein, 
Chief Content O?cer
Jul 2, 2025
Al Rey Villagracia
has successfully completed the online, non-credit Professional
Certi?cate
Microsoft Business
Analyst
Now that you have completed the Microsoft Business Analyst
Professional Certi?cate, you stand out with a unique set of skills and
knowledge in the dynamic ?eld of business analysis. This certi?cate
demonstrates your job readiness and can be shared with your
professional network. Throughout this program, you've engaged with
instructional videos, assessments, and practical exercises, gaining a
deep understanding of key aspects of business analysis, including: •
Pro?ciency in identifying, analyzing, and documenting business issues
with diverse requirements-gathering techniques. • Skills in business
process and activity modeling using Microsoft Visio. • Capability in
conducting assessments and validating solutions against
requirements. • E?ective communication, stakeholder management.
The online specialization named in this certi?cate may draw on material from courses taught on-campus, but the included
courses are not equivalent to on-campus courses. Participation in this online specialization does not constitute enrollment
at this university. This certi?cate does not confer a University grade, course credit or degree, and it does not verify the
identity of the learner.
Verify this certi?cate at: 
https://coursera.org/verify/profession
al-cert/4FOGG2V85VI1"
Microsoft,Microsoft Certified: Azure AI Fundamentals,https://learn.microsoft.com/api/credentials/share/en-us/AlReyVillagracia-2850/36580FB613ED553A?sharingId=32472087E221543A,"Describe Artificial Intelligence workloads and considerations
Describe fundamental principles of machine learning on Azure
Describe features of computer vision workloads on Azure
Describe features of Natural Language Processing (NLP) workloads on Azure
Describe features of generative AI workloads on Azure"
Microsoft,Microsoft Data Visualization,https://www.coursera.org/account/accomplishments/professional-cert/ISMTFLAPD0K2,"5 Courses
Data Visualization
Fundamentals
Data Preparation and
Management
Data Modeling and
Architecture
Visualization for Data
Analysis with Power BI
Building Powerful Reports
and Dashboards in Power BI
Marni Baker-Stein, 
Chief Content O?cer
Jul 2, 2025
Al Rey Villagracia
has successfully completed the online, non-credit Professional
Certi?cate
Microsoft Data
Visualization
By completing the Data Visualization Professional Certi?cate, you've
gained skills in Microsoft Power BI to harness data for business
decisions, making you a valuable asset to any organization. This
certi?cation prepares you for entry-level roles in data analytics and
business intelligence. Throughout the program, you engaged with the
content, activities, and assessments, mastering fundamental concepts
such as: - Interpreting datasets and e?ectively communicating ?ndings
to stakeholders through Power BI visualizations. - Analyzing data to
derive actionable insights. - Crafting interactive reports and
dashboards. - Utilizing Data Analysis Expressions (DAX) for advanced
data modeling. - Leveraging AI-driven tools and statistical techniques
to uncover hidden insights and trends.
The online specialization named in this certi?cate may draw on material from courses taught on-campus, but the included
courses are not equivalent to on-campus courses. Participation in this online specialization does not constitute enrollment
at this university. This certi?cate does not confer a University grade, course credit or degree, and it does not verify the
identity of the learner.
Verify this certi?cate at: 
https://coursera.org/verify/profession
al-cert/ISMTFLAPD0K2"
Microsoft,Microsoft Power BI and Power Platform for Productivity,https://www.coursera.org/account/accomplishments/specialization/NWDTA0J2Y90M,"10 Courses
Marni Baker-Stein, 
Chief Content O?cer
Data for Analysis with
Microsoft Excel
Unlock the Power of Data
with Power BI
Data Extract, Transform,
and Load in Power BI
Modeling Data in Power BI
Analysis and Visualization of
Data with Power BI
Creative Designing in Power
BI
Copilot for Power BI
Introduction to Microsoft
Power Platform
Use Power Platform for
Custom & Automated
Solutions
Power Virtual AgentsJun 17, 2025
Al Rey Villagracia
has successfully completed the online, non-credit Specialization
Microsoft Power BI and
Power Platform for
Productivity
Congratulations on completing the Microsoft Power BI and Power
Platform for Productivity Specialization! You've gained a powerful skill
set in data analysis and business automation. This certi?cate
demonstrates your job readiness and can be shared with your
professional network. In this program, you've engaged with
instructional videos, assessments, and practical exercises, gaining a
deep understanding of key aspects of Power BI and the Power
Platform, including: • Advanced data analysis using Excel and Power BI
• ETL processes, data modeling, and DAX calculations • Designing
compelling reports and dashboards • Utilizing Copilot to enhance
Power BI productivity • Creating custom apps with Power Apps •
Automating processes with Power Automate • Building chatbots using
Power Virtual
The online specialization named in this certi?cate may draw on material from courses taught on-campus, but the included
courses are not equivalent to on-campus courses. Participation in this online specialization does not constitute enrollment
at this university. This certi?cate does not confer a University grade, course credit or degree, and it does not verify the
identity of the learner.
Verify this certi?cate at: 
https://coursera.org/verify/specializat
ion/NWDTA0J2Y90M"
Microsoft,Microsoft Power BI Data Analyst,https://www.coursera.org/account/accomplishments/professional-cert/UUN0XK4J66M2,"8 Courses
Preparing Data for Analysis
with Microsoft Excel
Harnessing the Power of
Data with Power BI
Extract, Transform and Load
Data in Power BI
Data Modeling in Power BI
Data Analysis and
Visualization with Power BI
Creative Designing in Power
BI
Deploy and Maintain Power
BI Assets and Capstone
project
Microsoft PL-300 Exam
Preparation and Practice
Marni Baker-Stein, 
Chief Content O?cer
Jun 18, 2025
Al Rey Villagracia
has successfully completed the online, non-credit Professional
Certi?cate
Microsoft Power BI Data
Analyst
The role of a Power BI data analyst includes working closely with
business stakeholders, collecting data, performing analyses, creating
visualizations, & presenting actionable data-driven insights. Learners
engaged with the key concepts of Power BI, transforming data into
meaningful insights and creating compelling reports & dashboards.
They learned to prepare data in Excel for analysis in Power BI, form
data models using the Star schema, perform calculations in DAX, &
more.
The online specialization named in this certi?cate may draw on material from courses taught on-campus, but the included
courses are not equivalent to on-campus courses. Participation in this online specialization does not constitute enrollment
at this university. This certi?cate does not confer a University grade, course credit or degree, and it does not verify the
identity of the learner.
Verify this certi?cate at: 
https://coursera.org/verify/profession
al-cert/UUN0XK4J66M2"
IBM,Preparation for CompTIA A+ Certification,https://www.coursera.org/account/accomplishments/specialization/YYSBI2TM8ZFP,"3 Courses
Core 1: Hardware and
Network Troubleshooting
Core 2: OS, Software,
Security and Operational
Procedures
Practice Exams for CompTIA
A+ Certi?cation: Core 1 &
Core 2
Rav Ahuja 
Global Program
Director 
IBM Skills NetworkShaun Manzano
Jul 17, 2025
Al Rey Villagracia
has successfully completed the online, non-credit Specialization
Preparation for CompTIA
A+ Certi?cation
This specialization is your gateway to a thriving IT career and consists
of three courses to equip learners with the skills and knowledge
needed to excel in the IT industry. Designed for learners with basic IT
fundamentals and troubleshooting skills, this specialization prepares
learners for the CompTIA A+ Certi?cation exams, positioning them as a
valuable asset to organizations seeking pro?cient IT professionals.
Upon completion, learners receive an IBM credential and gain a
competitive edge for the CompTIA A+ Certi?cation Exam. Familiarity
with IT fundamentals (ITF+) is recommended before enrollment. If you
lack this background, consider the IBM IT Support Professional
Certi?cate or IBM Information Technology (IT) and Cloud
Fundamentals Specialization to learn these skills.
The online specialization named in this certi?cate may draw on material from courses taught on-campus, but the included
courses are not equivalent to on-campus courses. Participation in this online specialization does not constitute enrollment
at this university. This certi?cate does not confer a University grade, course credit or degree, and it does not verify the
identity of the learner.
Verify this certi?cate at: 
https://coursera.org/verify/specializat
ion/YYSBI2TM8ZFP"
Microsoft,Program Management,https://www.coursera.org/account/accomplishments/professional-cert/6IU4JN8X70U1,"7 Courses
Program Management
Fundamentals
Team Building and
Leadership in Program
Management
Communication with
Stakeholders
Performance Domains in
Project Management
Agile and Hybrid
Approaches
Program Finance and
Investment
High Performing PMOs
Marni Baker-Stein, 
Chief Content O?cer
Jul 16, 2025
Al Rey Villagracia
has successfully completed the online, non-credit Professional
Certi?cate
Microsoft Program
Management
Now that you have completed the Microsoft Program Manager
Professional Certi?cate, you stand out with a unique set of skills and
knowledge in the dynamic ?eld of program management. This
certi?cate demonstrates your job readiness and can be shared with
your professional network. Throughout this program, you've engaged
with instructional videos, assessments, and practical exercises, gaining
a deep understanding of key aspects of program management,
including: • Coordinating project managers with their teams through
all phases of a successful program. • Using predictive, agile, and hybrid
approaches and tailored methodologies to determine which way of
working is best for each program. • Highlighting the success of a
program and its impact on overall strategic organizational goals.
The online specialization named in this certi?cate may draw on material from courses taught on-campus, but the included
courses are not equivalent to on-campus courses. Participation in this online specialization does not constitute enrollment
at this university. This certi?cate does not confer a University grade, course credit or degree, and it does not verify the
identity of the learner.
Verify this certi?cate at: 
https://coursera.org/verify/profession
al-cert/6IU4JN8X70U1"
University of Alberta,Reinforcement Learning,https://www.coursera.org/account/accomplishments/professional-cert/5NGK6HNN950K,"6 Courses
Technical Support
Fundamentals
The Bits and Bytes of
Computer Networking
Operating Systems and You:
Becoming a Power User
System Administration and
IT Infrastructure Services
IT Security: Defense against
the digital dark arts
Accelerate Your Job Search
with AI
Amanda Brophy 
Global Director of
Google Career
Certi?cates
Jul 17, 2025
Al Rey Villagracia
has successfully completed the online, non-credit Professional
Certi?cate
Google IT Support
Whether you’ve been tinkering with IT or are completely new to the
?eld, you’ve come to the right place. This six-course certi?cate,
developed by Googlers, includes industry-relevant curriculum
designed to prepare you for an entry-level role in IT support. Think in-
person or remote help desk work, either in small shops or at a global
company, like Google!
The online specialization named in this certi?cate may draw on material from courses taught on-campus, but the included
courses are not equivalent to on-campus courses. Participation in this online specialization does not constitute enrollment
at this university. This certi?cate does not confer a University grade, course credit or degree, and it does not verify the
identity of the learner.
Verify this certi?cate at: 
https://coursera.org/verify/profession
al-cert/5NGK6HNN950K"
"Salesforce, Pathstream",Salesforce Sales Operations,https://www.coursera.org/account/accomplishments/professional-cert/A6PI4LXC7V6S,"4 Courses
Sales and CRM Overview
Lead Management in
Salesforce
Opportunity Management in
Salesforce
Reports, Dashboards, and
Customer Success in
Salesforce
Anthony Jones, M.S. Ed.,
Angela Prakash
 
Jul 9, 2025
Al Rey Villagracia
has successfully completed the online, non-credit Professional
Certi?cate
Salesforce Sales
Operations
In this Specialization, learners mastered the foundational skills in
Salesforce needed to start a new career. Speci?cally, learners gained
an overview of Sales and CRM fundamentals, managed leads in
Salesforce, managed opportunities in Salesforce, e?ectively leveraged
Salesforce data with reports and dashboards in the Sales Cloud, and
optimized customer success in the Service Cloud.
The online specialization named in this certi?cate may draw on material from courses taught on-campus, but the included
courses are not equivalent to on-campus courses. Participation in this online specialization does not constitute enrollment
at this university. This certi?cate does not confer a University grade, course credit or degree, and it does not verify the
identity of the learner.
Verify this certi?cate at: 
https://coursera.org/verify/profession
al-cert/A6PI4LXC7V6S"
SAP,SAP Business Analyst,https://www.coursera.org/account/accomplishments/professional-cert/QHMSLJMAONIZ,"4 Courses
Foundations of Business
Analysis
Requirements Gathering
and Documentation
Business Process Modeling
and Analysis
Strategic Analysis and
Solution Design
SAP Career Certi?cates
Team
Jul 1, 2025
Al Rey Villagracia
has successfully completed the online, non-credit Professional
Certi?cate
SAP Business Analyst
Congratulations on successfully completing the SAP Business Analyst
Professional Certi?cate program! This accomplishment signi?es that
you've gained valuable skills and knowledge to excel in this role and
are well-equipped to contribute to the success of organizations.
Throughout this comprehensive program, you explored the art and
science of business analysis in an SAP environment. The program
delved into the core principles of business analysis, explored various
SAP tools and technologies, and fostered the development of practical
skills through hands-on activities and projects.
The online specialization named in this certi?cate may draw on material from courses taught on-campus, but the included
courses are not equivalent to on-campus courses. Participation in this online specialization does not constitute enrollment
at this university. This certi?cate does not confer a University grade, course credit or degree, and it does not verify the
identity of the learner.
Verify this certi?cate at: 
https://coursera.org/verify/profession
al-cert/QHMSLJMAONIZ"
SAS,SAS Statistical Business Analyst,https://www.coursera.org/account/accomplishments/professional-cert/PCHQX8P6WCGN,"3 Courses
Introduction to Statistical
Analysis: Hypothesis Testing
Regression Modeling
Fundamentals
Predictive Modeling with
Logistic Regression using SAS
Jordan Bakerman 
Analytical Training
Consultant 
SAS EducationMarc Huber 
Sr. Analytical Training
Consultant
Jun 30, 2025
Al Rey Villagracia
has successfully completed the online, non-credit Professional
Certi?cate
SAS Statistical Business
Analyst
This learner has acquired experience in SAS statistics, modeling, and
programming skills including ANOVA, regression, logistic regression,
business applications of modeling, and challenges of modeling.
The online specialization named in this certi?cate may draw on material from courses taught on-campus, but the included
courses are not equivalent to on-campus courses. Participation in this online specialization does not constitute enrollment
at this university. This certi?cate does not confer a University grade, course credit or degree, and it does not verify the
identity of the learner.
Verify this certi?cate at: 
https://coursera.org/verify/profession
al-cert/PCHQX8P6WCGN"
University of Alberta,Software Product Management,https://www.coursera.org/account/accomplishments/specialization/FDU4R1P9R9WA,"5 Courses
Introduction to Software
Product Management
Software Processes and
Agile Practices
Client Needs and Software
Requirements
Agile Planning for Software
Products
Reviews & Metrics for
Software Improvements
Kenny Wong 
Associate Professor 
Computing Science,
Faculty of Science
Jul 20, 2025
Al Rey Villagracia
has successfully completed the online, non-credit Specialization
Software Product
Management
The recipient of this certi?cate has completed the Software Product
Management Specialization. This achievement required mastering the
knowledge and demonstrating the application of Agile practices within
software processes, requirements, planning, and improvement to
create better software products. The ?nal Capstone course assessed
the acquired knowledge and skills in a practical scenario involving
product team interactions, which simulated the development of a
software product from inception to delivery.
The online specialization named in this certi?cate may draw on material from courses taught on-campus, but the included
courses are not equivalent to on-campus courses. Participation in this online specialization does not constitute enrollment
at this university. This certi?cate does not confer a University grade, course credit or degree, and it does not verify the
identity of the learner.
Verify this certi?cate at: 
https://coursera.org/verify/specializat
ion/FDU4R1P9R9WA"
Packt,The Complete Quantum Computing Course for Beginners,https://www.coursera.org/account/accomplishments/specialization/D6QMK4KPI0JS,"3 Courses
Mathematical Foundations
and Quantum Mechanics
Essentials
Python Programming for
Quantum Computing
Quantum Computing with
Qiskit and Advanced
Algorithms
Jun 20, 2025
Al Rey Villagracia
has successfully completed the online, non-credit Specialization
The Complete Quantum
Computing Course for
Beginners
Congratulations on completing The Complete Quantum Computing
Course for Beginners! Throughout this course, you’ve developed a
strong foundation in key mathematical concepts like complex
numbers, matrix operations, and linear transformations, enabling you
to understand the core di?erences between classical and quantum
computing. You’ve also gained practical skills in Python programming
and worked extensively with Qiskit to build circuits and run them on
simulators and real quantum hardware. By mastering famous
quantum algorithms such as Bernstein-Vazirani, Grover's, and Shor's,
you've acquired both theoretical and hands-on expertise in quantum
computing.
The online specialization named in this certi?cate may draw on material from courses taught on-campus, but the included
courses are not equivalent to on-campus courses. Participation in this online specialization does not constitute enrollment
at this university. This certi?cate does not confer a University grade, course credit or degree, and it does not verify the
identity of the learner.
Verify this certi?cate at: 
https://coursera.org/verify/specializat
ion/D6QMK4KPI0JS"
Unilever,Unilever Digital Marketing Analyst,https://www.coursera.org/account/accomplishments/professional-cert/NBKUS14JHZNQ,"4 Courses
Customer Understanding
and Digital Marketing
Channels
Measurement and Analysis
Campaign Performance
Reporting, Visualization, &
Improvement
Advanced Tools for Digital
Marketing Analytics
Jul 1, 2025
Al Rey Villagracia
has successfully completed the online, non-credit Professional
Certi?cate
Unilever Digital Marketing
Analyst
This certi?cate is designed for analytically-minded learners seeking a
new job in an in-demand ?eld and professionals interested in
advancing their career in digital marketing analytics. The program
combines a comprehensive overview of digital marketing
fundamentals with a focus on the marketing analytics tools, processes,
and software. It includes real-world scenarios and hands-on activities
that prepare the learner to be part of designing and implementing
digital marketing strategies.
The online specialization named in this certi?cate may draw on material from courses taught on-campus, but the included
courses are not equivalent to on-campus courses. Participation in this online specialization does not constitute enrollment
at this university. This certi?cate does not confer a University grade, course credit or degree, and it does not verify the
identity of the learner.
Verify this certi?cate at: 
https://coursera.org/verify/profession
al-cert/NBKUS14JHZNQ"
Unilever,Unilever Supply Chain Data Analyst,https://www.coursera.org/account/accomplishments/professional-cert/X3DMY8NDQNLD,"4 Courses
Supply Chain Management
and Analytics
Using Data Analytics in
Supply Chain
Implementing Supply Chain
Analytics
Supply Chain Software Tools
Jun 10, 2025
Al Rey Villagracia
has successfully completed the online, non-credit Professional
Certi?cate
Unilever Supply Chain
Data Analyst
With an expected growth rate of 18%, there hasn’t been a better time
to enter the ?eld of supply chain analytics. In this program, you’ll learn
in-demand skills like data analysis, demand forecasting, and cost
analysis to get job-ready in less than 4 months, with no prior
experience needed to get started. This program is designed for entry-
level professionals, business administrations graduates and those with
strong problem solving, time management, and organizational skills.
You will learn the foundational skills employers seek for entry level
supply chain analysts roles and get hands-on experience cleaning,
?ltering, sorting, and presenting data.
The online specialization named in this certi?cate may draw on material from courses taught on-campus, but the included
courses are not equivalent to on-campus courses. Participation in this online specialization does not constitute enrollment
at this university. This certi?cate does not confer a University grade, course credit or degree, and it does not verify the
identity of the learner.
Verify this certi?cate at: 
https://coursera.org/verify/profession
al-cert/X3DMY8NDQNLD"
